{
"center_sizes": {
    "au": 6,
    "feo": 8,
    "gdf3": 6,
    "laf3": 9,
    "tbf3": 6
},
"calibration_constants": {
    "au": 7.329198475403513,
    "feo": 7.958597562130453,
    "gdf3": 7.316716257743526,
    "laf3": 7.918715861572124,
    "tbf3": 7.229046709047685
}
}
