{
"center_sizes": {
    "au": 10,
    "feo": 8,
    "gdf3": 6,
    "laf3": 9,
    "tbf3": 6
},
"calibration_constants": {
    "au": 7.402490460157548,
    "feo": 8.038987436495407,
    "gdf3": 7.452211003257295,
    "laf3": 7.99951908464939,
    "tbf3": 7.501840924483447
}
}
