{
"center_sizes": {
    "au": 10,
    "feo": 8,
    "gdf3": 6,
    "laf3": 9,
    "tbf3": 6
},
"calibration_constants": {
    "au": 7.121383227493337,
    "feo": 7.73370943257786,
    "gdf3": 7.045726766715988,
    "laf3": 7.269640790951457,
    "tbf3": 7.092649601329805
}
}
